{
  "timestamp": "2026-05-01T20:02:31Z",
  "results": [
    {
      "name": "ping",
      "iterations": 100,
      "errors": 100,
      "min_ms": 0.1392800004396122,
      "max_ms": 0.2530780002416577,
      "mean_ms": 0.18486124010451022,
      "median_ms": 0.17773699983081315,
      "p95_ms": 0.21798199850309175,
      "p99_ms": 0.2530780002416577
    },
    {
      "name": "status",
      "iterations": 50,
      "errors": 50,
      "min_ms": 0.1629369999136543,
      "max_ms": 0.31843500073591713,
      "mean_ms": 0.18930944006569916,
      "median_ms": 0.17852699966169894,
      "p95_ms": 0.24288500026159454,
      "p99_ms": 0.31843500073591713
    },
    {
      "name": "check_hermes",
      "iterations": 20,
      "errors": 20,
      "min_ms": 0.1847139992605662,
      "max_ms": 0.25921400083461776,
      "mean_ms": 0.22072194997235783,
      "median_ms": 0.21095199917908758,
      "p95_ms": 0.25921400083461776,
      "p99_ms": 0.25921400083461776
    }
  ]
}