{
  "timestamp": "2026-05-01T20:02:56Z",
  "pid": 39346,
  "rss_mb": {
    "min": 9.53515625,
    "max": 9.53515625,
    "mean": 9.53515625,
    "samples": [
      9.53515625,
      9.53515625,
      9.53515625,
      9.53515625,
      9.53515625,
      9.53515625,
      9.53515625,
      9.53515625,
      9.53515625,
      9.53515625
    ]
  },
  "vms_mb": {
    "min": 15.3046875,
    "max": 15.3046875,
    "mean": 15.3046875,
    "samples": [
      15.3046875,
      15.3046875,
      15.3046875,
      15.3046875,
      15.3046875,
      15.3046875,
      15.3046875,
      15.3046875,
      15.3046875,
      15.3046875
    ]
  }
}